INSERT INTO Provincias (Id, Nombre, Pais) VALUES (1, 'Provincia1', 'Pais1');
INSERT INTO Provincias (Id, Nombre, Pais) VALUES (2, 'Provincia2', 'Pais2');
INSERT INTO Provincias (Id, Nombre, Pais) VALUES (3, 'Provincia3', 'Pais0');
INSERT INTO Provincias (Id, Nombre, Pais) VALUES (4, 'Provincia4', 'Pais1');
INSERT INTO Provincias (Id, Nombre, Pais) VALUES (5, 'Provincia5', 'Pais2');
INSERT INTO Provincias (Id, Nombre, Pais) VALUES (6, 'Provincia6', 'Pais0');
INSERT INTO Provincias (Id, Nombre, Pais) VALUES (7, 'Provincia7', 'Pais1');
INSERT INTO Provincias (Id, Nombre, Pais) VALUES (8, 'Provincia8', 'Pais2');
INSERT INTO Provincias (Id, Nombre, Pais) VALUES (9, 'Provincia9', 'Pais0');
INSERT INTO Provincias (Id, Nombre, Pais) VALUES (10, 'Provincia10', 'Pais1');
INSERT INTO Provincias (Id, Nombre, Pais) VALUES (11, 'Provincia11', 'Pais2');
INSERT INTO Provincias (Id, Nombre, Pais) VALUES (12, 'Provincia12', 'Pais0');
INSERT INTO Provincias (Id, Nombre, Pais) VALUES (13, 'Provincia13', 'Pais1');
INSERT INTO Provincias (Id, Nombre, Pais) VALUES (14, 'Provincia14', 'Pais2');
INSERT INTO Provincias (Id, Nombre, Pais) VALUES (15, 'Provincia15', 'Pais0');
INSERT INTO Provincias (Id, Nombre, Pais) VALUES (16, 'Provincia16', 'Pais1');
INSERT INTO Provincias (Id, Nombre, Pais) VALUES (17, 'Provincia17', 'Pais2');
INSERT INTO Provincias (Id, Nombre, Pais) VALUES (18, 'Provincia18', 'Pais0');
INSERT INTO Provincias (Id, Nombre, Pais) VALUES (19, 'Provincia19', 'Pais1');
INSERT INTO Provincias (Id, Nombre, Pais) VALUES (20, 'Provincia20', 'Pais2');
INSERT INTO Rubros (Id, Nombre) VALUES (1, 'Rubro1');
INSERT INTO Rubros (Id, Nombre) VALUES (2, 'Rubro2');
INSERT INTO Rubros (Id, Nombre) VALUES (3, 'Rubro3');
INSERT INTO Rubros (Id, Nombre) VALUES (4, 'Rubro4');
INSERT INTO Rubros (Id, Nombre) VALUES (5, 'Rubro5');
INSERT INTO Rubros (Id, Nombre) VALUES (6, 'Rubro6');
INSERT INTO Rubros (Id, Nombre) VALUES (7, 'Rubro7');
INSERT INTO Rubros (Id, Nombre) VALUES (8, 'Rubro8');
INSERT INTO Rubros (Id, Nombre) VALUES (9, 'Rubro9');
INSERT INTO Rubros (Id, Nombre) VALUES (10, 'Rubro10');
INSERT INTO Rubros (Id, Nombre) VALUES (11, 'Rubro11');
INSERT INTO Rubros (Id, Nombre) VALUES (12, 'Rubro12');
INSERT INTO Rubros (Id, Nombre) VALUES (13, 'Rubro13');
INSERT INTO Rubros (Id, Nombre) VALUES (14, 'Rubro14');
INSERT INTO Rubros (Id, Nombre) VALUES (15, 'Rubro15');
INSERT INTO Rubros (Id, Nombre) VALUES (16, 'Rubro16');
INSERT INTO Rubros (Id, Nombre) VALUES (17, 'Rubro17');
INSERT INTO Rubros (Id, Nombre) VALUES (18, 'Rubro18');
INSERT INTO Rubros (Id, Nombre) VALUES (19, 'Rubro19');
INSERT INTO Rubros (Id, Nombre) VALUES (20, 'Rubro20');
INSERT INTO Proveedores (Id, Nombre, Domicilio, Email, IdProvincia, Activo)
    VALUES (1, 'Proveedor1', 'Domicilio 1', 'proveedor1@correo2.ar', 1, 1);
INSERT INTO Proveedores (Id, Nombre, Domicilio, Email, IdProvincia, Activo)
    VALUES (2, 'Proveedor2', 'Domicilio 2', 'proveedor2@correo1.ar', 2, 0);
INSERT INTO Proveedores (Id, Nombre, Domicilio, Email, IdProvincia, Activo)
    VALUES (3, 'Proveedor3', 'Domicilio 3', 'proveedor3@correo2.ar', 3, 1);
INSERT INTO Proveedores (Id, Nombre, Domicilio, Email, IdProvincia, Activo)
    VALUES (4, 'Proveedor4', 'Domicilio 4', 'proveedor4@correo1.ar', 4, 0);
INSERT INTO Proveedores (Id, Nombre, Domicilio, Email, IdProvincia, Activo)
    VALUES (5, 'Proveedor5', 'Domicilio 5', 'proveedor5@correo2.ar', 5, 1);
INSERT INTO Proveedores (Id, Nombre, Domicilio, Email, IdProvincia, Activo)
    VALUES (6, 'Proveedor6', 'Domicilio 6', 'proveedor6@correo1.ar', 6, 0);
INSERT INTO Proveedores (Id, Nombre, Domicilio, Email, IdProvincia, Activo)
    VALUES (7, 'Proveedor7', 'Domicilio 7', 'proveedor7@correo2.ar', 7, 1);
INSERT INTO Proveedores (Id, Nombre, Domicilio, Email, IdProvincia, Activo)
    VALUES (8, 'Proveedor8', 'Domicilio 8', 'proveedor8@correo1.ar', 8, 0);
INSERT INTO Proveedores (Id, Nombre, Domicilio, Email, IdProvincia, Activo)
    VALUES (9, 'Proveedor9', 'Domicilio 9', 'proveedor9@correo2.ar', 9, 1);
INSERT INTO Proveedores (Id, Nombre, Domicilio, Email, IdProvincia, Activo)
    VALUES (10, 'Proveedor10', 'Domicilio 10', 'proveedor10@correo1.ar', 10, 0);
INSERT INTO Proveedores (Id, Nombre, Domicilio, Email, IdProvincia, Activo)
    VALUES (11, 'Proveedor11', 'Domicilio 11', 'proveedor11@correo2.ar', 11, 1);
INSERT INTO Proveedores (Id, Nombre, Domicilio, Email, IdProvincia, Activo)
    VALUES (12, 'Proveedor12', 'Domicilio 12', 'proveedor12@correo1.ar', 12, 0);
INSERT INTO Proveedores (Id, Nombre, Domicilio, Email, IdProvincia, Activo)
    VALUES (13, 'Proveedor13', 'Domicilio 13', 'proveedor13@correo2.ar', 13, 1);
INSERT INTO Proveedores (Id, Nombre, Domicilio, Email, IdProvincia, Activo)
    VALUES (14, 'Proveedor14', 'Domicilio 14', 'proveedor14@correo1.ar', 14, 0);
INSERT INTO Proveedores (Id, Nombre, Domicilio, Email, IdProvincia, Activo)
    VALUES (15, 'Proveedor15', 'Domicilio 15', 'proveedor15@correo2.ar', 15, 1);
INSERT INTO Proveedores (Id, Nombre, Domicilio, Email, IdProvincia, Activo)
    VALUES (16, 'Proveedor16', 'Domicilio 16', 'proveedor16@correo1.ar', 16, 0);
INSERT INTO Proveedores (Id, Nombre, Domicilio, Email, IdProvincia, Activo)
    VALUES (17, 'Proveedor17', 'Domicilio 17', 'proveedor17@correo2.ar', 17, 1);
INSERT INTO Proveedores (Id, Nombre, Domicilio, Email, IdProvincia, Activo)
    VALUES (18, 'Proveedor18', 'Domicilio 18', 'proveedor18@correo1.ar', 18, 0);
INSERT INTO Proveedores (Id, Nombre, Domicilio, Email, IdProvincia, Activo)
    VALUES (19, 'Proveedor19', 'Domicilio 19', 'proveedor19@correo2.ar', 19, 1);
INSERT INTO Proveedores (Id, Nombre, Domicilio, Email, IdProvincia, Activo)
    VALUES (20, 'Proveedor20', 'Domicilio 20', 'proveedor20@correo1.ar', 20, 0);
INSERT INTO Clientes (Id, Nombre, Domicilio, Email, IdProvincia, Activo)
    VALUES (1, 'Cliente1', 'Calle 1', 'cliente1@mail.com', 1, 1);
INSERT INTO Clientes (Id, Nombre, Domicilio, Email, IdProvincia, Activo)
    VALUES (2, 'Cliente2', 'Calle 2', 'cliente2@mail.com', 2, 1);
INSERT INTO Clientes (Id, Nombre, Domicilio, Email, IdProvincia, Activo)
    VALUES (3, 'Cliente3', 'Calle 3', 'cliente3@mail.com', 3, 1);
INSERT INTO Clientes (Id, Nombre, Domicilio, Email, IdProvincia, Activo)
    VALUES (4, 'Cliente4', 'Calle 4', 'cliente4@mail.com', 4, 1);
INSERT INTO Clientes (Id, Nombre, Domicilio, Email, IdProvincia, Activo)
    VALUES (5, 'Cliente5', 'Calle 5', 'cliente5@mail.com', 5, 1);
INSERT INTO Clientes (Id, Nombre, Domicilio, Email, IdProvincia, Activo)
    VALUES (6, 'Cliente6', 'Calle 6', 'cliente6@mail.com', 6, 1);
INSERT INTO Clientes (Id, Nombre, Domicilio, Email, IdProvincia, Activo)
    VALUES (7, 'Cliente7', 'Calle 7', 'cliente7@mail.com', 7, 1);
INSERT INTO Clientes (Id, Nombre, Domicilio, Email, IdProvincia, Activo)
    VALUES (8, 'Cliente8', 'Calle 8', 'cliente8@mail.com', 8, 1);
INSERT INTO Clientes (Id, Nombre, Domicilio, Email, IdProvincia, Activo)
    VALUES (9, 'Cliente9', 'Calle 9', 'cliente9@mail.com', 9, 1);
INSERT INTO Clientes (Id, Nombre, Domicilio, Email, IdProvincia, Activo)
    VALUES (10, 'Cliente10', 'Calle 10', 'cliente10@mail.com', 10, 1);
INSERT INTO Clientes (Id, Nombre, Domicilio, Email, IdProvincia, Activo)
    VALUES (11, 'Cliente11', 'Calle 11', 'cliente11@mail.com', 11, 1);
INSERT INTO Clientes (Id, Nombre, Domicilio, Email, IdProvincia, Activo)
    VALUES (12, 'Cliente12', 'Calle 12', 'cliente12@mail.com', 12, 1);
INSERT INTO Clientes (Id, Nombre, Domicilio, Email, IdProvincia, Activo)
    VALUES (13, 'Cliente13', 'Calle 13', 'cliente13@mail.com', 13, 1);
INSERT INTO Clientes (Id, Nombre, Domicilio, Email, IdProvincia, Activo)
    VALUES (14, 'Cliente14', 'Calle 14', 'cliente14@mail.com', 14, 1);
INSERT INTO Clientes (Id, Nombre, Domicilio, Email, IdProvincia, Activo)
    VALUES (15, 'Cliente15', 'Calle 15', 'cliente15@mail.com', 15, 1);
INSERT INTO Clientes (Id, Nombre, Domicilio, Email, IdProvincia, Activo)
    VALUES (16, 'Cliente16', 'Calle 16', 'cliente16@mail.com', 16, 1);
INSERT INTO Clientes (Id, Nombre, Domicilio, Email, IdProvincia, Activo)
    VALUES (17, 'Cliente17', 'Calle 17', 'cliente17@mail.com', 17, 1);
INSERT INTO Clientes (Id, Nombre, Domicilio, Email, IdProvincia, Activo)
    VALUES (18, 'Cliente18', 'Calle 18', 'cliente18@mail.com', 18, 1);
INSERT INTO Clientes (Id, Nombre, Domicilio, Email, IdProvincia, Activo)
    VALUES (19, 'Cliente19', 'Calle 19', 'cliente19@mail.com', 19, 1);
INSERT INTO Clientes (Id, Nombre, Domicilio, Email, IdProvincia, Activo)
    VALUES (20, 'Cliente20', 'Calle 20', 'cliente20@mail.com', 20, 1);
INSERT INTO Articulos (Id, Nombre, StockActual, StockMinimo, PuntoReposicion, PrecioUnitario, IdRubro, IdProveedor)
    VALUES (1, 'Articulo1', 65, 9, 15, 9.41, 16, 10);
INSERT INTO Articulos (Id, Nombre, StockActual, StockMinimo, PuntoReposicion, PrecioUnitario, IdRubro, IdProveedor)
    VALUES (2, 'Articulo2', 88, 6, 13, 46.92, 8, 16);
INSERT INTO Articulos (Id, Nombre, StockActual, StockMinimo, PuntoReposicion, PrecioUnitario, IdRubro, IdProveedor)
    VALUES (3, 'Articulo3', 96, 18, 20, 47.71, 13, 5);
INSERT INTO Articulos (Id, Nombre, StockActual, StockMinimo, PuntoReposicion, PrecioUnitario, IdRubro, IdProveedor)
    VALUES (4, 'Articulo4', 5, 8, 17, 112.73, 8, 20);
INSERT INTO Articulos (Id, Nombre, StockActual, StockMinimo, PuntoReposicion, PrecioUnitario, IdRubro, IdProveedor)
    VALUES (5, 'Articulo5', 87, 19, 30, 108.2, 10, 20);
INSERT INTO Articulos (Id, Nombre, StockActual, StockMinimo, PuntoReposicion, PrecioUnitario, IdRubro, IdProveedor)
    VALUES (6, 'Articulo6', 5, 17, 11, 46.39, 12, 7);
INSERT INTO Articulos (Id, Nombre, StockActual, StockMinimo, PuntoReposicion, PrecioUnitario, IdRubro, IdProveedor)
    VALUES (7, 'Articulo7', 84, 16, 10, 65.74, 8, 20);
INSERT INTO Articulos (Id, Nombre, StockActual, StockMinimo, PuntoReposicion, PrecioUnitario, IdRubro, IdProveedor)
    VALUES (8, 'Articulo8', 54, 15, 16, 60.32, 20, 20);
INSERT INTO Articulos (Id, Nombre, StockActual, StockMinimo, PuntoReposicion, PrecioUnitario, IdRubro, IdProveedor)
    VALUES (9, 'Articulo9', 86, 5, 29, 17.91, 15, 11);
INSERT INTO Articulos (Id, Nombre, StockActual, StockMinimo, PuntoReposicion, PrecioUnitario, IdRubro, IdProveedor)
    VALUES (10, 'Articulo10', 76, 13, 23, 63.43, 6, 16);
INSERT INTO Articulos (Id, Nombre, StockActual, StockMinimo, PuntoReposicion, PrecioUnitario, IdRubro, IdProveedor)
    VALUES (11, 'Articulo11', 72, 7, 17, 73.74, 13, 17);
INSERT INTO Articulos (Id, Nombre, StockActual, StockMinimo, PuntoReposicion, PrecioUnitario, IdRubro, IdProveedor)
    VALUES (12, 'Articulo12', 21, 9, 30, 63.56, 12, 11);
INSERT INTO Articulos (Id, Nombre, StockActual, StockMinimo, PuntoReposicion, PrecioUnitario, IdRubro, IdProveedor)
    VALUES (13, 'Articulo13', 64, 9, 21, 45.29, 3, 2);
INSERT INTO Articulos (Id, Nombre, StockActual, StockMinimo, PuntoReposicion, PrecioUnitario, IdRubro, IdProveedor)
    VALUES (14, 'Articulo14', 52, 20, 20, 132.09, 20, 11);
INSERT INTO Articulos (Id, Nombre, StockActual, StockMinimo, PuntoReposicion, PrecioUnitario, IdRubro, IdProveedor)
    VALUES (15, 'Articulo15', 59, 14, 12, 37.01, 10, 17);
INSERT INTO Articulos (Id, Nombre, StockActual, StockMinimo, PuntoReposicion, PrecioUnitario, IdRubro, IdProveedor)
    VALUES (16, 'Articulo16', 72, 19, 11, 50.82, 1, 6);
INSERT INTO Articulos (Id, Nombre, StockActual, StockMinimo, PuntoReposicion, PrecioUnitario, IdRubro, IdProveedor)
    VALUES (17, 'Articulo17', 11, 6, 15, 126.27, 19, 2);
INSERT INTO Articulos (Id, Nombre, StockActual, StockMinimo, PuntoReposicion, PrecioUnitario, IdRubro, IdProveedor)
    VALUES (18, 'Articulo18', 41, 15, 13, 70.03, 11, 19);
INSERT INTO Articulos (Id, Nombre, StockActual, StockMinimo, PuntoReposicion, PrecioUnitario, IdRubro, IdProveedor)
    VALUES (19, 'Articulo19', 99, 16, 11, 103.06, 20, 15);
INSERT INTO Articulos (Id, Nombre, StockActual, StockMinimo, PuntoReposicion, PrecioUnitario, IdRubro, IdProveedor)
    VALUES (20, 'Articulo20', 48, 14, 12, 24.19, 2, 15);
INSERT INTO Articulos (Id, Nombre, StockActual, StockMinimo, PuntoReposicion, PrecioUnitario, IdRubro, IdProveedor)
    VALUES (21, 'Articulo21', 91, 17, 28, 80.86, 15, 16);
INSERT INTO Articulos (Id, Nombre, StockActual, StockMinimo, PuntoReposicion, PrecioUnitario, IdRubro, IdProveedor)
    VALUES (22, 'Articulo22', 68, 8, 20, 99.63, 12, 4);
INSERT INTO Articulos (Id, Nombre, StockActual, StockMinimo, PuntoReposicion, PrecioUnitario, IdRubro, IdProveedor)
    VALUES (23, 'Articulo23', 80, 16, 13, 129.32, 9, 10);
INSERT INTO Articulos (Id, Nombre, StockActual, StockMinimo, PuntoReposicion, PrecioUnitario, IdRubro, IdProveedor)
    VALUES (24, 'Articulo24', 89, 8, 26, 117.31, 14, 3);
INSERT INTO Articulos (Id, Nombre, StockActual, StockMinimo, PuntoReposicion, PrecioUnitario, IdRubro, IdProveedor)
    VALUES (25, 'Articulo25', 49, 13, 12, 34.01, 18, 9);
INSERT INTO Articulos (Id, Nombre, StockActual, StockMinimo, PuntoReposicion, PrecioUnitario, IdRubro, IdProveedor)
    VALUES (26, 'Articulo26', 7, 20, 23, 113.85, 13, 7);
INSERT INTO Articulos (Id, Nombre, StockActual, StockMinimo, PuntoReposicion, PrecioUnitario, IdRubro, IdProveedor)
    VALUES (27, 'Articulo27', 76, 7, 26, 80.08, 7, 9);
INSERT INTO Articulos (Id, Nombre, StockActual, StockMinimo, PuntoReposicion, PrecioUnitario, IdRubro, IdProveedor)
    VALUES (28, 'Articulo28', 71, 15, 30, 63.74, 5, 19);
INSERT INTO Articulos (Id, Nombre, StockActual, StockMinimo, PuntoReposicion, PrecioUnitario, IdRubro, IdProveedor)
    VALUES (29, 'Articulo29', 55, 17, 27, 16.64, 12, 12);
INSERT INTO Articulos (Id, Nombre, StockActual, StockMinimo, PuntoReposicion, PrecioUnitario, IdRubro, IdProveedor)
    VALUES (30, 'Articulo30', 35, 8, 11, 14.37, 17, 10);
INSERT INTO Articulos (Id, Nombre, StockActual, StockMinimo, PuntoReposicion, PrecioUnitario, IdRubro, IdProveedor)
    VALUES (31, 'Articulo31', 64, 6, 13, 149.08, 19, 17);
INSERT INTO Articulos (Id, Nombre, StockActual, StockMinimo, PuntoReposicion, PrecioUnitario, IdRubro, IdProveedor)
    VALUES (32, 'Articulo32', 84, 14, 10, 114.5, 9, 11);
INSERT INTO Articulos (Id, Nombre, StockActual, StockMinimo, PuntoReposicion, PrecioUnitario, IdRubro, IdProveedor)
    VALUES (33, 'Articulo33', 38, 10, 12, 15.1, 15, 9);
INSERT INTO Articulos (Id, Nombre, StockActual, StockMinimo, PuntoReposicion, PrecioUnitario, IdRubro, IdProveedor)
    VALUES (34, 'Articulo34', 35, 15, 18, 147.55, 5, 18);
INSERT INTO Articulos (Id, Nombre, StockActual, StockMinimo, PuntoReposicion, PrecioUnitario, IdRubro, IdProveedor)
    VALUES (35, 'Articulo35', 61, 7, 17, 146.94, 17, 14);
INSERT INTO Articulos (Id, Nombre, StockActual, StockMinimo, PuntoReposicion, PrecioUnitario, IdRubro, IdProveedor)
    VALUES (36, 'Articulo36', 62, 20, 24, 139.5, 15, 7);
INSERT INTO Articulos (Id, Nombre, StockActual, StockMinimo, PuntoReposicion, PrecioUnitario, IdRubro, IdProveedor)
    VALUES (37, 'Articulo37', 72, 18, 15, 149.5, 10, 5);
INSERT INTO Articulos (Id, Nombre, StockActual, StockMinimo, PuntoReposicion, PrecioUnitario, IdRubro, IdProveedor)
    VALUES (38, 'Articulo38', 31, 10, 23, 51.56, 2, 1);
INSERT INTO Articulos (Id, Nombre, StockActual, StockMinimo, PuntoReposicion, PrecioUnitario, IdRubro, IdProveedor)
    VALUES (39, 'Articulo39', 89, 14, 29, 85.27, 17, 12);
INSERT INTO Articulos (Id, Nombre, StockActual, StockMinimo, PuntoReposicion, PrecioUnitario, IdRubro, IdProveedor)
    VALUES (40, 'Articulo40', 76, 7, 16, 47.87, 10, 12);
INSERT INTO Articulos (Id, Nombre, StockActual, StockMinimo, PuntoReposicion, PrecioUnitario, IdRubro, IdProveedor)
    VALUES (41, 'Articulo41', 83, 17, 10, 48.31, 11, 8);
INSERT INTO Articulos (Id, Nombre, StockActual, StockMinimo, PuntoReposicion, PrecioUnitario, IdRubro, IdProveedor)
    VALUES (42, 'Articulo42', 50, 11, 25, 24.06, 12, 4);
INSERT INTO Articulos (Id, Nombre, StockActual, StockMinimo, PuntoReposicion, PrecioUnitario, IdRubro, IdProveedor)
    VALUES (43, 'Articulo43', 90, 20, 20, 119.55, 7, 9);
INSERT INTO Articulos (Id, Nombre, StockActual, StockMinimo, PuntoReposicion, PrecioUnitario, IdRubro, IdProveedor)
    VALUES (44, 'Articulo44', 18, 18, 17, 63.25, 17, 6);
INSERT INTO Articulos (Id, Nombre, StockActual, StockMinimo, PuntoReposicion, PrecioUnitario, IdRubro, IdProveedor)
    VALUES (45, 'Articulo45', 12, 10, 12, 90.4, 6, 19);
INSERT INTO Articulos (Id, Nombre, StockActual, StockMinimo, PuntoReposicion, PrecioUnitario, IdRubro, IdProveedor)
    VALUES (46, 'Articulo46', 59, 10, 27, 100.87, 11, 5);
INSERT INTO Articulos (Id, Nombre, StockActual, StockMinimo, PuntoReposicion, PrecioUnitario, IdRubro, IdProveedor)
    VALUES (47, 'Articulo47', 39, 15, 23, 58.56, 12, 7);
INSERT INTO Articulos (Id, Nombre, StockActual, StockMinimo, PuntoReposicion, PrecioUnitario, IdRubro, IdProveedor)
    VALUES (48, 'Articulo48', 6, 18, 27, 56.9, 6, 8);
INSERT INTO Articulos (Id, Nombre, StockActual, StockMinimo, PuntoReposicion, PrecioUnitario, IdRubro, IdProveedor)
    VALUES (49, 'Articulo49', 44, 15, 28, 41.18, 12, 18);
INSERT INTO Articulos (Id, Nombre, StockActual, StockMinimo, PuntoReposicion, PrecioUnitario, IdRubro, IdProveedor)
    VALUES (50, 'Articulo50', 87, 20, 12, 56.06, 17, 3);
INSERT INTO Articulos (Id, Nombre, StockActual, StockMinimo, PuntoReposicion, PrecioUnitario, IdRubro, IdProveedor)
    VALUES (51, 'Articulo51', 67, 10, 11, 136.68, 19, 19);
INSERT INTO Articulos (Id, Nombre, StockActual, StockMinimo, PuntoReposicion, PrecioUnitario, IdRubro, IdProveedor)
    VALUES (52, 'Articulo52', 17, 14, 16, 100.0, 16, 20);
INSERT INTO Articulos (Id, Nombre, StockActual, StockMinimo, PuntoReposicion, PrecioUnitario, IdRubro, IdProveedor)
    VALUES (53, 'Articulo53', 47, 6, 29, 25.57, 6, 5);
INSERT INTO Articulos (Id, Nombre, StockActual, StockMinimo, PuntoReposicion, PrecioUnitario, IdRubro, IdProveedor)
    VALUES (54, 'Articulo54', 69, 11, 19, 67.44, 4, 19);
INSERT INTO Articulos (Id, Nombre, StockActual, StockMinimo, PuntoReposicion, PrecioUnitario, IdRubro, IdProveedor)
    VALUES (55, 'Articulo55', 8, 5, 26, 19.72, 18, 4);
INSERT INTO Articulos (Id, Nombre, StockActual, StockMinimo, PuntoReposicion, PrecioUnitario, IdRubro, IdProveedor)
    VALUES (56, 'Articulo56', 87, 10, 12, 38.87, 11, 14);
INSERT INTO Articulos (Id, Nombre, StockActual, StockMinimo, PuntoReposicion, PrecioUnitario, IdRubro, IdProveedor)
    VALUES (57, 'Articulo57', 65, 15, 20, 132.86, 7, 12);
INSERT INTO Articulos (Id, Nombre, StockActual, StockMinimo, PuntoReposicion, PrecioUnitario, IdRubro, IdProveedor)
    VALUES (58, 'Articulo58', 90, 20, 17, 105.0, 16, 15);
INSERT INTO Articulos (Id, Nombre, StockActual, StockMinimo, PuntoReposicion, PrecioUnitario, IdRubro, IdProveedor)
    VALUES (59, 'Articulo59', 85, 10, 22, 146.8, 6, 5);
INSERT INTO Articulos (Id, Nombre, StockActual, StockMinimo, PuntoReposicion, PrecioUnitario, IdRubro, IdProveedor)
    VALUES (60, 'Articulo60', 89, 19, 13, 118.57, 13, 2);
INSERT INTO Articulos (Id, Nombre, StockActual, StockMinimo, PuntoReposicion, PrecioUnitario, IdRubro, IdProveedor)
    VALUES (61, 'Articulo61', 63, 10, 10, 48.79, 4, 8);
INSERT INTO Articulos (Id, Nombre, StockActual, StockMinimo, PuntoReposicion, PrecioUnitario, IdRubro, IdProveedor)
    VALUES (62, 'Articulo62', 50, 10, 10, 118.71, 9, 15);
INSERT INTO Articulos (Id, Nombre, StockActual, StockMinimo, PuntoReposicion, PrecioUnitario, IdRubro, IdProveedor)
    VALUES (63, 'Articulo63', 86, 10, 29, 77.46, 17, 12);
INSERT INTO Articulos (Id, Nombre, StockActual, StockMinimo, PuntoReposicion, PrecioUnitario, IdRubro, IdProveedor)
    VALUES (64, 'Articulo64', 39, 10, 29, 79.48, 17, 19);
INSERT INTO Articulos (Id, Nombre, StockActual, StockMinimo, PuntoReposicion, PrecioUnitario, IdRubro, IdProveedor)
    VALUES (65, 'Articulo65', 75, 20, 11, 93.31, 20, 5);
INSERT INTO Articulos (Id, Nombre, StockActual, StockMinimo, PuntoReposicion, PrecioUnitario, IdRubro, IdProveedor)
    VALUES (66, 'Articulo66', 97, 20, 13, 84.84, 12, 19);
INSERT INTO Articulos (Id, Nombre, StockActual, StockMinimo, PuntoReposicion, PrecioUnitario, IdRubro, IdProveedor)
    VALUES (67, 'Articulo67', 28, 16, 29, 142.54, 14, 3);
INSERT INTO Articulos (Id, Nombre, StockActual, StockMinimo, PuntoReposicion, PrecioUnitario, IdRubro, IdProveedor)
    VALUES (68, 'Articulo68', 72, 16, 29, 139.21, 14, 10);
INSERT INTO Articulos (Id, Nombre, StockActual, StockMinimo, PuntoReposicion, PrecioUnitario, IdRubro, IdProveedor)
    VALUES (69, 'Articulo69', 86, 9, 23, 104.84, 1, 14);
INSERT INTO Articulos (Id, Nombre, StockActual, StockMinimo, PuntoReposicion, PrecioUnitario, IdRubro, IdProveedor)
    VALUES (70, 'Articulo70', 97, 13, 19, 144.13, 10, 1);
INSERT INTO Articulos (Id, Nombre, StockActual, StockMinimo, PuntoReposicion, PrecioUnitario, IdRubro, IdProveedor)
    VALUES (71, 'Articulo71', 53, 11, 26, 89.5, 17, 3);
INSERT INTO Articulos (Id, Nombre, StockActual, StockMinimo, PuntoReposicion, PrecioUnitario, IdRubro, IdProveedor)
    VALUES (72, 'Articulo72', 65, 11, 30, 121.99, 19, 15);
INSERT INTO Articulos (Id, Nombre, StockActual, StockMinimo, PuntoReposicion, PrecioUnitario, IdRubro, IdProveedor)
    VALUES (73, 'Articulo73', 13, 11, 22, 16.99, 17, 7);
INSERT INTO Articulos (Id, Nombre, StockActual, StockMinimo, PuntoReposicion, PrecioUnitario, IdRubro, IdProveedor)
    VALUES (74, 'Articulo74', 39, 20, 29, 43.86, 20, 2);
INSERT INTO Articulos (Id, Nombre, StockActual, StockMinimo, PuntoReposicion, PrecioUnitario, IdRubro, IdProveedor)
    VALUES (75, 'Articulo75', 70, 20, 13, 9.21, 17, 1);
INSERT INTO Articulos (Id, Nombre, StockActual, StockMinimo, PuntoReposicion, PrecioUnitario, IdRubro, IdProveedor)
    VALUES (76, 'Articulo76', 44, 7, 21, 68.79, 19, 11);
INSERT INTO Articulos (Id, Nombre, StockActual, StockMinimo, PuntoReposicion, PrecioUnitario, IdRubro, IdProveedor)
    VALUES (77, 'Articulo77', 84, 20, 23, 126.79, 20, 5);
INSERT INTO Articulos (Id, Nombre, StockActual, StockMinimo, PuntoReposicion, PrecioUnitario, IdRubro, IdProveedor)
    VALUES (78, 'Articulo78', 31, 6, 15, 8.67, 15, 12);
INSERT INTO Articulos (Id, Nombre, StockActual, StockMinimo, PuntoReposicion, PrecioUnitario, IdRubro, IdProveedor)
    VALUES (79, 'Articulo79', 76, 14, 21, 135.41, 15, 5);
INSERT INTO Articulos (Id, Nombre, StockActual, StockMinimo, PuntoReposicion, PrecioUnitario, IdRubro, IdProveedor)
    VALUES (80, 'Articulo80', 77, 5, 23, 5.01, 1, 5);
INSERT INTO Articulos (Id, Nombre, StockActual, StockMinimo, PuntoReposicion, PrecioUnitario, IdRubro, IdProveedor)
    VALUES (81, 'Articulo81', 87, 9, 19, 28.88, 3, 20);
INSERT INTO Articulos (Id, Nombre, StockActual, StockMinimo, PuntoReposicion, PrecioUnitario, IdRubro, IdProveedor)
    VALUES (82, 'Articulo82', 22, 7, 13, 123.94, 8, 15);
INSERT INTO Articulos (Id, Nombre, StockActual, StockMinimo, PuntoReposicion, PrecioUnitario, IdRubro, IdProveedor)
    VALUES (83, 'Articulo83', 67, 18, 28, 83.83, 4, 6);
INSERT INTO Articulos (Id, Nombre, StockActual, StockMinimo, PuntoReposicion, PrecioUnitario, IdRubro, IdProveedor)
    VALUES (84, 'Articulo84', 85, 11, 24, 149.69, 6, 11);
INSERT INTO Articulos (Id, Nombre, StockActual, StockMinimo, PuntoReposicion, PrecioUnitario, IdRubro, IdProveedor)
    VALUES (85, 'Articulo85', 16, 6, 21, 131.06, 3, 20);
INSERT INTO Articulos (Id, Nombre, StockActual, StockMinimo, PuntoReposicion, PrecioUnitario, IdRubro, IdProveedor)
    VALUES (86, 'Articulo86', 22, 11, 15, 91.66, 13, 12);
INSERT INTO Articulos (Id, Nombre, StockActual, StockMinimo, PuntoReposicion, PrecioUnitario, IdRubro, IdProveedor)
    VALUES (87, 'Articulo87', 59, 18, 13, 23.6, 3, 9);
INSERT INTO Articulos (Id, Nombre, StockActual, StockMinimo, PuntoReposicion, PrecioUnitario, IdRubro, IdProveedor)
    VALUES (88, 'Articulo88', 21, 20, 22, 133.47, 16, 7);
INSERT INTO Articulos (Id, Nombre, StockActual, StockMinimo, PuntoReposicion, PrecioUnitario, IdRubro, IdProveedor)
    VALUES (89, 'Articulo89', 52, 20, 18, 136.02, 5, 15);
INSERT INTO Articulos (Id, Nombre, StockActual, StockMinimo, PuntoReposicion, PrecioUnitario, IdRubro, IdProveedor)
    VALUES (90, 'Articulo90', 23, 20, 30, 91.4, 11, 16);
INSERT INTO Articulos (Id, Nombre, StockActual, StockMinimo, PuntoReposicion, PrecioUnitario, IdRubro, IdProveedor)
    VALUES (91, 'Articulo91', 50, 15, 17, 84.45, 12, 6);
INSERT INTO Articulos (Id, Nombre, StockActual, StockMinimo, PuntoReposicion, PrecioUnitario, IdRubro, IdProveedor)
    VALUES (92, 'Articulo92', 67, 9, 17, 123.05, 17, 3);
INSERT INTO Articulos (Id, Nombre, StockActual, StockMinimo, PuntoReposicion, PrecioUnitario, IdRubro, IdProveedor)
    VALUES (93, 'Articulo93', 62, 17, 22, 71.28, 6, 16);
INSERT INTO Articulos (Id, Nombre, StockActual, StockMinimo, PuntoReposicion, PrecioUnitario, IdRubro, IdProveedor)
    VALUES (94, 'Articulo94', 90, 9, 27, 130.12, 18, 13);
INSERT INTO Articulos (Id, Nombre, StockActual, StockMinimo, PuntoReposicion, PrecioUnitario, IdRubro, IdProveedor)
    VALUES (95, 'Articulo95', 23, 14, 25, 106.77, 6, 2);
INSERT INTO Articulos (Id, Nombre, StockActual, StockMinimo, PuntoReposicion, PrecioUnitario, IdRubro, IdProveedor)
    VALUES (96, 'Articulo96', 47, 7, 18, 109.62, 15, 20);
INSERT INTO Articulos (Id, Nombre, StockActual, StockMinimo, PuntoReposicion, PrecioUnitario, IdRubro, IdProveedor)
    VALUES (97, 'Articulo97', 31, 12, 26, 98.36, 8, 18);
INSERT INTO Articulos (Id, Nombre, StockActual, StockMinimo, PuntoReposicion, PrecioUnitario, IdRubro, IdProveedor)
    VALUES (98, 'Articulo98', 18, 17, 15, 137.88, 10, 11);
INSERT INTO Articulos (Id, Nombre, StockActual, StockMinimo, PuntoReposicion, PrecioUnitario, IdRubro, IdProveedor)
    VALUES (99, 'Articulo99', 100, 15, 23, 79.86, 14, 8);
INSERT INTO Articulos (Id, Nombre, StockActual, StockMinimo, PuntoReposicion, PrecioUnitario, IdRubro, IdProveedor)
    VALUES (100, 'Articulo100', 32, 5, 12, 78.61, 16, 1);
INSERT INTO Pedidos (Id, Fecha, IdProveedor, IdCliente, Numero, Subtotal)
        VALUES (1, '2024-04-05', 6, 19, 1001, 2802.67);
INSERT INTO Pedidos (Id, Fecha, IdProveedor, IdCliente, Numero, Subtotal)
        VALUES (2, '2023-01-10', 17, 19, 1002, 2748.74);
INSERT INTO Pedidos (Id, Fecha, IdProveedor, IdCliente, Numero, Subtotal)
        VALUES (3, '2024-07-28', 12, 4, 1003, 10668.86);
INSERT INTO Pedidos (Id, Fecha, IdProveedor, IdCliente, Numero, Subtotal)
        VALUES (4, '2023-12-11', 6, 15, 1004, 9056.8);
INSERT INTO Pedidos (Id, Fecha, IdProveedor, IdCliente, Numero, Subtotal)
        VALUES (5, '2023-02-20', 8, 6, 1005, 11024.27);
INSERT INTO Pedidos (Id, Fecha, IdProveedor, IdCliente, Numero, Subtotal)
        VALUES (6, '2024-10-13', 6, 19, 1006, 9535.23);
INSERT INTO Pedidos (Id, Fecha, IdProveedor, IdCliente, Numero, Subtotal)
        VALUES (7, '2024-11-15', 2, 8, 1007, 17708.94);
INSERT INTO Pedidos (Id, Fecha, IdProveedor, IdCliente, Numero, Subtotal)
        VALUES (8, '2024-02-08', 11, 16, 1008, 3613.57);
INSERT INTO Pedidos (Id, Fecha, IdProveedor, IdCliente, Numero, Subtotal)
        VALUES (9, '2024-07-01', 1, 11, 1009, 13634.61);
INSERT INTO Pedidos (Id, Fecha, IdProveedor, IdCliente, Numero, Subtotal)
        VALUES (10, '2023-03-15', 3, 17, 1010, 15620.29);
INSERT INTO Pedidos (Id, Fecha, IdProveedor, IdCliente, Numero, Subtotal)
        VALUES (11, '2023-04-08', 14, 3, 1011, 7589.92);
INSERT INTO Pedidos (Id, Fecha, IdProveedor, IdCliente, Numero, Subtotal)
        VALUES (12, '2023-01-05', 13, 12, 1012, 7278.8);
INSERT INTO Pedidos (Id, Fecha, IdProveedor, IdCliente, Numero, Subtotal)
        VALUES (13, '2023-01-10', 14, 2, 1013, 3300.04);
INSERT INTO Pedidos (Id, Fecha, IdProveedor, IdCliente, Numero, Subtotal)
        VALUES (14, '2024-08-04', 10, 9, 1014, 3631.87);
INSERT INTO Pedidos (Id, Fecha, IdProveedor, IdCliente, Numero, Subtotal)
        VALUES (15, '2023-12-12', 4, 1, 1015, 2540.65);
INSERT INTO Pedidos (Id, Fecha, IdProveedor, IdCliente, Numero, Subtotal)
        VALUES (16, '2024-10-23', 9, 1, 1016, 9979.97);
INSERT INTO Pedidos (Id, Fecha, IdProveedor, IdCliente, Numero, Subtotal)
        VALUES (17, '2023-07-24', 14, 4, 1017, 11241.91);
INSERT INTO Pedidos (Id, Fecha, IdProveedor, IdCliente, Numero, Subtotal)
        VALUES (18, '2023-06-30', 19, 9, 1018, 5079.94);
INSERT INTO Pedidos (Id, Fecha, IdProveedor, IdCliente, Numero, Subtotal)
        VALUES (19, '2024-08-10', 8, 10, 1019, 14324.95);
INSERT INTO Pedidos (Id, Fecha, IdProveedor, IdCliente, Numero, Subtotal)
        VALUES (20, '2024-06-19', 19, 6, 1020, 11240.4);
INSERT INTO Pedidos (Id, Fecha, IdProveedor, IdCliente, Numero, Subtotal)
        VALUES (21, '2024-06-08', 10, 18, 1021, 4313.34);
INSERT INTO Pedidos (Id, Fecha, IdProveedor, IdCliente, Numero, Subtotal)
        VALUES (22, '2024-08-21', 20, 2, 1022, 8230.61);
INSERT INTO Pedidos (Id, Fecha, IdProveedor, IdCliente, Numero, Subtotal)
        VALUES (23, '2023-12-19', 3, 16, 1023, 19571.34);
INSERT INTO Pedidos (Id, Fecha, IdProveedor, IdCliente, Numero, Subtotal)
        VALUES (24, '2024-12-10', 6, 16, 1024, 15534.45);
INSERT INTO Pedidos (Id, Fecha, IdProveedor, IdCliente, Numero, Subtotal)
        VALUES (25, '2023-02-04', 7, 14, 1025, 5864.68);
INSERT INTO Pedidos (Id, Fecha, IdProveedor, IdCliente, Numero, Subtotal)
        VALUES (26, '2024-11-03', 16, 4, 1026, 6682.84);
INSERT INTO Pedidos (Id, Fecha, IdProveedor, IdCliente, Numero, Subtotal)
        VALUES (27, '2023-03-25', 3, 5, 1027, 9976.91);
INSERT INTO Pedidos (Id, Fecha, IdProveedor, IdCliente, Numero, Subtotal)
        VALUES (28, '2024-08-24', 17, 18, 1028, 7927.85);
INSERT INTO Pedidos (Id, Fecha, IdProveedor, IdCliente, Numero, Subtotal)
        VALUES (29, '2024-12-27', 1, 18, 1029, 8203.78);
INSERT INTO Pedidos (Id, Fecha, IdProveedor, IdCliente, Numero, Subtotal)
        VALUES (30, '2023-12-21', 18, 10, 1030, 10027.9);
INSERT INTO Pedidos (Id, Fecha, IdProveedor, IdCliente, Numero, Subtotal)
        VALUES (31, '2023-02-19', 18, 9, 1031, 9854.32);
INSERT INTO Pedidos (Id, Fecha, IdProveedor, IdCliente, Numero, Subtotal)
        VALUES (32, '2023-08-15', 10, 18, 1032, 1705.84);
INSERT INTO Pedidos (Id, Fecha, IdProveedor, IdCliente, Numero, Subtotal)
        VALUES (33, '2023-03-28', 4, 13, 1033, 1402.67);
INSERT INTO Pedidos (Id, Fecha, IdProveedor, IdCliente, Numero, Subtotal)
        VALUES (34, '2024-04-20', 3, 20, 1034, 16214.24);
INSERT INTO Pedidos (Id, Fecha, IdProveedor, IdCliente, Numero, Subtotal)
        VALUES (35, '2023-04-01', 7, 19, 1035, 12637.26);
INSERT INTO Pedidos (Id, Fecha, IdProveedor, IdCliente, Numero, Subtotal)
        VALUES (36, '2023-05-05', 1, 10, 1036, 8397.87);
INSERT INTO Pedidos (Id, Fecha, IdProveedor, IdCliente, Numero, Subtotal)
        VALUES (37, '2023-11-09', 12, 18, 1037, 12860.42);
INSERT INTO Pedidos (Id, Fecha, IdProveedor, IdCliente, Numero, Subtotal)
        VALUES (38, '2024-05-16', 10, 8, 1038, 7378.54);
INSERT INTO Pedidos (Id, Fecha, IdProveedor, IdCliente, Numero, Subtotal)
        VALUES (39, '2023-05-11', 4, 15, 1039, 4489.17);
INSERT INTO Pedidos (Id, Fecha, IdProveedor, IdCliente, Numero, Subtotal)
        VALUES (40, '2023-01-13', 20, 13, 1040, 19126.79);
INSERT INTO Pedidos (Id, Fecha, IdProveedor, IdCliente, Numero, Subtotal)
        VALUES (41, '2023-10-13', 5, 6, 1041, 18470.63);
INSERT INTO Pedidos (Id, Fecha, IdProveedor, IdCliente, Numero, Subtotal)
        VALUES (42, '2023-11-24', 2, 15, 1042, 12362.07);
INSERT INTO Pedidos (Id, Fecha, IdProveedor, IdCliente, Numero, Subtotal)
        VALUES (43, '2024-11-01', 10, 4, 1043, 6664.56);
INSERT INTO Pedidos (Id, Fecha, IdProveedor, IdCliente, Numero, Subtotal)
        VALUES (44, '2024-12-21', 1, 6, 1044, 1321.93);
INSERT INTO Pedidos (Id, Fecha, IdProveedor, IdCliente, Numero, Subtotal)
        VALUES (45, '2024-06-01', 10, 17, 1045, 4537.46);
INSERT INTO Pedidos (Id, Fecha, IdProveedor, IdCliente, Numero, Subtotal)
        VALUES (46, '2024-05-17', 13, 9, 1046, 11145.9);
INSERT INTO Pedidos (Id, Fecha, IdProveedor, IdCliente, Numero, Subtotal)
        VALUES (47, '2023-08-07', 18, 15, 1047, 5177.15);
INSERT INTO Pedidos (Id, Fecha, IdProveedor, IdCliente, Numero, Subtotal)
        VALUES (48, '2023-03-19', 15, 13, 1048, 3906.04);
INSERT INTO Pedidos (Id, Fecha, IdProveedor, IdCliente, Numero, Subtotal)
        VALUES (49, '2024-12-28', 17, 9, 1049, 16549.04);
INSERT INTO Pedidos (Id, Fecha, IdProveedor, IdCliente, Numero, Subtotal)
        VALUES (50, '2023-09-18', 12, 1, 1050, 19990.81);
INSERT INTO Pedidos (Id, Fecha, IdProveedor, IdCliente, Numero, Subtotal)
        VALUES (51, '2024-09-14', 8, 3, 1051, 10643.97);
INSERT INTO Pedidos (Id, Fecha, IdProveedor, IdCliente, Numero, Subtotal)
        VALUES (52, '2023-01-02', 2, 1, 1052, 8527.55);
INSERT INTO Pedidos (Id, Fecha, IdProveedor, IdCliente, Numero, Subtotal)
        VALUES (53, '2023-05-31', 9, 4, 1053, 12645.59);
INSERT INTO Pedidos (Id, Fecha, IdProveedor, IdCliente, Numero, Subtotal)
        VALUES (54, '2024-01-05', 7, 18, 1054, 15089.32);
INSERT INTO Pedidos (Id, Fecha, IdProveedor, IdCliente, Numero, Subtotal)
        VALUES (55, '2024-11-07', 17, 12, 1055, 10326.33);
INSERT INTO Pedidos (Id, Fecha, IdProveedor, IdCliente, Numero, Subtotal)
        VALUES (56, '2023-01-21', 14, 12, 1056, 11593.92);
INSERT INTO Pedidos (Id, Fecha, IdProveedor, IdCliente, Numero, Subtotal)
        VALUES (57, '2024-01-03', 6, 8, 1057, 3028.41);
INSERT INTO Pedidos (Id, Fecha, IdProveedor, IdCliente, Numero, Subtotal)
        VALUES (58, '2023-10-31', 4, 16, 1058, 10211.75);
INSERT INTO Pedidos (Id, Fecha, IdProveedor, IdCliente, Numero, Subtotal)
        VALUES (59, '2024-05-14', 14, 20, 1059, 11812.12);
INSERT INTO Pedidos (Id, Fecha, IdProveedor, IdCliente, Numero, Subtotal)
        VALUES (60, '2024-09-14', 5, 16, 1060, 3541.16);
INSERT INTO Pedidos (Id, Fecha, IdProveedor, IdCliente, Numero, Subtotal)
        VALUES (61, '2024-06-26', 3, 10, 1061, 9042.55);
INSERT INTO Pedidos (Id, Fecha, IdProveedor, IdCliente, Numero, Subtotal)
        VALUES (62, '2023-04-30', 3, 6, 1062, 1212.94);
INSERT INTO Pedidos (Id, Fecha, IdProveedor, IdCliente, Numero, Subtotal)
        VALUES (63, '2024-04-06', 7, 19, 1063, 5612.89);
INSERT INTO Pedidos (Id, Fecha, IdProveedor, IdCliente, Numero, Subtotal)
        VALUES (64, '2023-02-04', 1, 4, 1064, 10509.12);
INSERT INTO Pedidos (Id, Fecha, IdProveedor, IdCliente, Numero, Subtotal)
        VALUES (65, '2024-08-08', 19, 12, 1065, 7435.45);
INSERT INTO Pedidos (Id, Fecha, IdProveedor, IdCliente, Numero, Subtotal)
        VALUES (66, '2024-12-04', 14, 16, 1066, 7061.37);
INSERT INTO Pedidos (Id, Fecha, IdProveedor, IdCliente, Numero, Subtotal)
        VALUES (67, '2024-12-13', 12, 18, 1067, 14566.6);
INSERT INTO Pedidos (Id, Fecha, IdProveedor, IdCliente, Numero, Subtotal)
        VALUES (68, '2023-12-09', 19, 12, 1068, 15032.13);
INSERT INTO Pedidos (Id, Fecha, IdProveedor, IdCliente, Numero, Subtotal)
        VALUES (69, '2023-10-22', 2, 13, 1069, 3903.7);
INSERT INTO Pedidos (Id, Fecha, IdProveedor, IdCliente, Numero, Subtotal)
        VALUES (70, '2024-05-20', 16, 9, 1070, 10240.18);
INSERT INTO Pedidos (Id, Fecha, IdProveedor, IdCliente, Numero, Subtotal)
        VALUES (71, '2023-03-24', 18, 9, 1071, 6600.39);
INSERT INTO Pedidos (Id, Fecha, IdProveedor, IdCliente, Numero, Subtotal)
        VALUES (72, '2024-11-18', 16, 3, 1072, 16001.07);
INSERT INTO Pedidos (Id, Fecha, IdProveedor, IdCliente, Numero, Subtotal)
        VALUES (73, '2024-08-11', 7, 14, 1073, 14847.04);
INSERT INTO Pedidos (Id, Fecha, IdProveedor, IdCliente, Numero, Subtotal)
        VALUES (74, '2024-02-25', 19, 4, 1074, 16742.64);
INSERT INTO Pedidos (Id, Fecha, IdProveedor, IdCliente, Numero, Subtotal)
        VALUES (75, '2023-07-10', 1, 17, 1075, 5262.77);
INSERT INTO Pedidos (Id, Fecha, IdProveedor, IdCliente, Numero, Subtotal)
        VALUES (76, '2023-04-23', 2, 6, 1076, 11066.95);
INSERT INTO Pedidos (Id, Fecha, IdProveedor, IdCliente, Numero, Subtotal)
        VALUES (77, '2023-02-26', 1, 17, 1077, 7761.29);
INSERT INTO Pedidos (Id, Fecha, IdProveedor, IdCliente, Numero, Subtotal)
        VALUES (78, '2023-07-24', 19, 17, 1078, 9054.49);
INSERT INTO Pedidos (Id, Fecha, IdProveedor, IdCliente, Numero, Subtotal)
        VALUES (79, '2024-08-13', 12, 11, 1079, 9974.14);
INSERT INTO Pedidos (Id, Fecha, IdProveedor, IdCliente, Numero, Subtotal)
        VALUES (80, '2023-06-22', 17, 13, 1080, 9944.72);
INSERT INTO Pedidos (Id, Fecha, IdProveedor, IdCliente, Numero, Subtotal)
        VALUES (81, '2024-04-27', 4, 2, 1081, 16407.7);
INSERT INTO Pedidos (Id, Fecha, IdProveedor, IdCliente, Numero, Subtotal)
        VALUES (82, '2024-03-19', 19, 10, 1082, 11781.14);
INSERT INTO Pedidos (Id, Fecha, IdProveedor, IdCliente, Numero, Subtotal)
        VALUES (83, '2024-04-04', 5, 6, 1083, 2552.73);
INSERT INTO Pedidos (Id, Fecha, IdProveedor, IdCliente, Numero, Subtotal)
        VALUES (84, '2024-03-01', 8, 10, 1084, 19901.13);
INSERT INTO Pedidos (Id, Fecha, IdProveedor, IdCliente, Numero, Subtotal)
        VALUES (85, '2024-08-03', 1, 3, 1085, 5340.11);
INSERT INTO Pedidos (Id, Fecha, IdProveedor, IdCliente, Numero, Subtotal)
        VALUES (86, '2024-09-25', 3, 20, 1086, 7546.97);
INSERT INTO Pedidos (Id, Fecha, IdProveedor, IdCliente, Numero, Subtotal)
        VALUES (87, '2023-01-22', 20, 3, 1087, 2632.32);
INSERT INTO Pedidos (Id, Fecha, IdProveedor, IdCliente, Numero, Subtotal)
        VALUES (88, '2023-07-28', 13, 7, 1088, 18148.05);
INSERT INTO Pedidos (Id, Fecha, IdProveedor, IdCliente, Numero, Subtotal)
        VALUES (89, '2024-01-02', 3, 2, 1089, 8361.45);
INSERT INTO Pedidos (Id, Fecha, IdProveedor, IdCliente, Numero, Subtotal)
        VALUES (90, '2024-05-08', 2, 2, 1090, 6094.0);
INSERT INTO Pedidos (Id, Fecha, IdProveedor, IdCliente, Numero, Subtotal)
        VALUES (91, '2024-09-08', 10, 14, 1091, 5335.85);
INSERT INTO Pedidos (Id, Fecha, IdProveedor, IdCliente, Numero, Subtotal)
        VALUES (92, '2023-01-03', 12, 5, 1092, 18948.63);
INSERT INTO Pedidos (Id, Fecha, IdProveedor, IdCliente, Numero, Subtotal)
        VALUES (93, '2024-04-01', 1, 17, 1093, 16976.86);
INSERT INTO Pedidos (Id, Fecha, IdProveedor, IdCliente, Numero, Subtotal)
        VALUES (94, '2023-10-21', 1, 13, 1094, 9475.71);
INSERT INTO Pedidos (Id, Fecha, IdProveedor, IdCliente, Numero, Subtotal)
        VALUES (95, '2024-12-26', 16, 6, 1095, 10750.77);
INSERT INTO Pedidos (Id, Fecha, IdProveedor, IdCliente, Numero, Subtotal)
        VALUES (96, '2024-02-03', 10, 8, 1096, 2098.4);
INSERT INTO Pedidos (Id, Fecha, IdProveedor, IdCliente, Numero, Subtotal)
        VALUES (97, '2023-04-10', 6, 3, 1097, 1517.42);
INSERT INTO Pedidos (Id, Fecha, IdProveedor, IdCliente, Numero, Subtotal)
        VALUES (98, '2023-09-03', 10, 15, 1098, 15179.82);
INSERT INTO Pedidos (Id, Fecha, IdProveedor, IdCliente, Numero, Subtotal)
        VALUES (99, '2024-03-05', 4, 18, 1099, 9109.47);
INSERT INTO Pedidos (Id, Fecha, IdProveedor, IdCliente, Numero, Subtotal)
        VALUES (100, '2023-05-13', 6, 3, 1100, 8176.71);
INSERT INTO DetallePedidos (Id, IdArticulo, IdPedido, Cantidad, Precio)
            VALUES (1, 60, 1, 9, 49.22);
INSERT INTO DetallePedidos (Id, IdArticulo, IdPedido, Cantidad, Precio)
            VALUES (2, 91, 1, 9, 157.58);
INSERT INTO DetallePedidos (Id, IdArticulo, IdPedido, Cantidad, Precio)
            VALUES (3, 26, 2, 1, 39.0);
INSERT INTO DetallePedidos (Id, IdArticulo, IdPedido, Cantidad, Precio)
            VALUES (4, 76, 2, 10, 87.44);
INSERT INTO DetallePedidos (Id, IdArticulo, IdPedido, Cantidad, Precio)
            VALUES (5, 69, 3, 4, 48.08);
INSERT INTO DetallePedidos (Id, IdArticulo, IdPedido, Cantidad, Precio)
            VALUES (6, 38, 3, 5, 173.64);
INSERT INTO DetallePedidos (Id, IdArticulo, IdPedido, Cantidad, Precio)
            VALUES (7, 56, 4, 7, 93.13);
INSERT INTO DetallePedidos (Id, IdArticulo, IdPedido, Cantidad, Precio)
            VALUES (8, 40, 4, 10, 162.77);
INSERT INTO DetallePedidos (Id, IdArticulo, IdPedido, Cantidad, Precio)
            VALUES (9, 25, 5, 3, 57.91);
INSERT INTO DetallePedidos (Id, IdArticulo, IdPedido, Cantidad, Precio)
            VALUES (10, 9, 5, 9, 78.73);
INSERT INTO DetallePedidos (Id, IdArticulo, IdPedido, Cantidad, Precio)
            VALUES (11, 73, 6, 9, 81.4);
INSERT INTO DetallePedidos (Id, IdArticulo, IdPedido, Cantidad, Precio)
            VALUES (12, 67, 6, 4, 185.7);
INSERT INTO DetallePedidos (Id, IdArticulo, IdPedido, Cantidad, Precio)
            VALUES (13, 91, 7, 9, 45.05);
INSERT INTO DetallePedidos (Id, IdArticulo, IdPedido, Cantidad, Precio)
            VALUES (14, 21, 7, 3, 172.92);
INSERT INTO DetallePedidos (Id, IdArticulo, IdPedido, Cantidad, Precio)
            VALUES (15, 18, 8, 6, 174.61);
INSERT INTO DetallePedidos (Id, IdArticulo, IdPedido, Cantidad, Precio)
            VALUES (16, 24, 8, 4, 59.01);
INSERT INTO DetallePedidos (Id, IdArticulo, IdPedido, Cantidad, Precio)
            VALUES (17, 82, 9, 10, 174.04);
INSERT INTO DetallePedidos (Id, IdArticulo, IdPedido, Cantidad, Precio)
            VALUES (18, 15, 9, 3, 12.11);
INSERT INTO DetallePedidos (Id, IdArticulo, IdPedido, Cantidad, Precio)
            VALUES (19, 9, 10, 1, 129.45);
INSERT INTO DetallePedidos (Id, IdArticulo, IdPedido, Cantidad, Precio)
            VALUES (20, 78, 10, 10, 59.16);
INSERT INTO DetallePedidos (Id, IdArticulo, IdPedido, Cantidad, Precio)
            VALUES (21, 32, 11, 3, 79.67);
INSERT INTO DetallePedidos (Id, IdArticulo, IdPedido, Cantidad, Precio)
            VALUES (22, 63, 11, 9, 102.17);
INSERT INTO DetallePedidos (Id, IdArticulo, IdPedido, Cantidad, Precio)
            VALUES (23, 82, 12, 6, 92.24);
INSERT INTO DetallePedidos (Id, IdArticulo, IdPedido, Cantidad, Precio)
            VALUES (24, 32, 12, 5, 107.66);
INSERT INTO DetallePedidos (Id, IdArticulo, IdPedido, Cantidad, Precio)
            VALUES (25, 90, 13, 10, 118.24);
INSERT INTO DetallePedidos (Id, IdArticulo, IdPedido, Cantidad, Precio)
            VALUES (26, 11, 13, 10, 190.31);
INSERT INTO DetallePedidos (Id, IdArticulo, IdPedido, Cantidad, Precio)
            VALUES (27, 26, 14, 8, 135.07);
INSERT INTO DetallePedidos (Id, IdArticulo, IdPedido, Cantidad, Precio)
            VALUES (28, 32, 14, 1, 161.07);
INSERT INTO DetallePedidos (Id, IdArticulo, IdPedido, Cantidad, Precio)
            VALUES (29, 45, 15, 5, 50.53);
INSERT INTO DetallePedidos (Id, IdArticulo, IdPedido, Cantidad, Precio)
            VALUES (30, 6, 15, 6, 94.53);
INSERT INTO DetallePedidos (Id, IdArticulo, IdPedido, Cantidad, Precio)
            VALUES (31, 39, 16, 2, 50.96);
INSERT INTO DetallePedidos (Id, IdArticulo, IdPedido, Cantidad, Precio)
            VALUES (32, 98, 16, 5, 165.68);
INSERT INTO DetallePedidos (Id, IdArticulo, IdPedido, Cantidad, Precio)
            VALUES (33, 90, 17, 7, 54.21);
INSERT INTO DetallePedidos (Id, IdArticulo, IdPedido, Cantidad, Precio)
            VALUES (34, 94, 17, 9, 125.71);
INSERT INTO DetallePedidos (Id, IdArticulo, IdPedido, Cantidad, Precio)
            VALUES (35, 85, 18, 3, 127.21);
INSERT INTO DetallePedidos (Id, IdArticulo, IdPedido, Cantidad, Precio)
            VALUES (36, 22, 18, 7, 51.47);
INSERT INTO DetallePedidos (Id, IdArticulo, IdPedido, Cantidad, Precio)
            VALUES (37, 72, 19, 7, 121.49);
INSERT INTO DetallePedidos (Id, IdArticulo, IdPedido, Cantidad, Precio)
            VALUES (38, 33, 19, 2, 171.83);
INSERT INTO DetallePedidos (Id, IdArticulo, IdPedido, Cantidad, Precio)
            VALUES (39, 51, 20, 3, 25.09);
INSERT INTO DetallePedidos (Id, IdArticulo, IdPedido, Cantidad, Precio)
            VALUES (40, 68, 20, 4, 36.43);
INSERT INTO DetallePedidos (Id, IdArticulo, IdPedido, Cantidad, Precio)
            VALUES (41, 79, 21, 2, 184.25);
INSERT INTO DetallePedidos (Id, IdArticulo, IdPedido, Cantidad, Precio)
            VALUES (42, 94, 21, 2, 23.1);
INSERT INTO DetallePedidos (Id, IdArticulo, IdPedido, Cantidad, Precio)
            VALUES (43, 97, 22, 6, 38.46);
INSERT INTO DetallePedidos (Id, IdArticulo, IdPedido, Cantidad, Precio)
            VALUES (44, 99, 22, 1, 191.08);
INSERT INTO DetallePedidos (Id, IdArticulo, IdPedido, Cantidad, Precio)
            VALUES (45, 3, 23, 2, 148.12);
INSERT INTO DetallePedidos (Id, IdArticulo, IdPedido, Cantidad, Precio)
            VALUES (46, 92, 23, 2, 100.97);
INSERT INTO DetallePedidos (Id, IdArticulo, IdPedido, Cantidad, Precio)
            VALUES (47, 13, 24, 5, 39.34);
INSERT INTO DetallePedidos (Id, IdArticulo, IdPedido, Cantidad, Precio)
            VALUES (48, 97, 24, 9, 147.34);
INSERT INTO DetallePedidos (Id, IdArticulo, IdPedido, Cantidad, Precio)
            VALUES (49, 84, 25, 3, 138.16);
INSERT INTO DetallePedidos (Id, IdArticulo, IdPedido, Cantidad, Precio)
            VALUES (50, 39, 25, 6, 148.77);
INSERT INTO DetallePedidos (Id, IdArticulo, IdPedido, Cantidad, Precio)
            VALUES (51, 75, 26, 8, 144.57);
INSERT INTO DetallePedidos (Id, IdArticulo, IdPedido, Cantidad, Precio)
            VALUES (52, 92, 26, 9, 140.86);
INSERT INTO DetallePedidos (Id, IdArticulo, IdPedido, Cantidad, Precio)
            VALUES (53, 66, 27, 2, 171.82);
INSERT INTO DetallePedidos (Id, IdArticulo, IdPedido, Cantidad, Precio)
            VALUES (54, 81, 27, 1, 198.41);
INSERT INTO DetallePedidos (Id, IdArticulo, IdPedido, Cantidad, Precio)
            VALUES (55, 15, 28, 3, 184.9);
INSERT INTO DetallePedidos (Id, IdArticulo, IdPedido, Cantidad, Precio)
            VALUES (56, 64, 28, 1, 165.68);
INSERT INTO DetallePedidos (Id, IdArticulo, IdPedido, Cantidad, Precio)
            VALUES (57, 96, 29, 6, 90.25);
INSERT INTO DetallePedidos (Id, IdArticulo, IdPedido, Cantidad, Precio)
            VALUES (58, 70, 29, 5, 188.39);
INSERT INTO DetallePedidos (Id, IdArticulo, IdPedido, Cantidad, Precio)
            VALUES (59, 18, 30, 7, 17.0);
INSERT INTO DetallePedidos (Id, IdArticulo, IdPedido, Cantidad, Precio)
            VALUES (60, 67, 30, 6, 100.23);
INSERT INTO DetallePedidos (Id, IdArticulo, IdPedido, Cantidad, Precio)
            VALUES (61, 84, 31, 7, 130.1);
INSERT INTO DetallePedidos (Id, IdArticulo, IdPedido, Cantidad, Precio)
            VALUES (62, 61, 31, 3, 55.7);
INSERT INTO DetallePedidos (Id, IdArticulo, IdPedido, Cantidad, Precio)
            VALUES (63, 89, 32, 1, 187.23);
INSERT INTO DetallePedidos (Id, IdArticulo, IdPedido, Cantidad, Precio)
            VALUES (64, 23, 32, 5, 139.44);
INSERT INTO DetallePedidos (Id, IdArticulo, IdPedido, Cantidad, Precio)
            VALUES (65, 43, 33, 8, 26.48);
INSERT INTO DetallePedidos (Id, IdArticulo, IdPedido, Cantidad, Precio)
            VALUES (66, 11, 33, 7, 144.52);
INSERT INTO DetallePedidos (Id, IdArticulo, IdPedido, Cantidad, Precio)
            VALUES (67, 90, 34, 10, 108.28);
INSERT INTO DetallePedidos (Id, IdArticulo, IdPedido, Cantidad, Precio)
            VALUES (68, 14, 34, 1, 34.88);
INSERT INTO DetallePedidos (Id, IdArticulo, IdPedido, Cantidad, Precio)
            VALUES (69, 59, 35, 7, 21.46);
INSERT INTO DetallePedidos (Id, IdArticulo, IdPedido, Cantidad, Precio)
            VALUES (70, 39, 35, 6, 73.32);
INSERT INTO DetallePedidos (Id, IdArticulo, IdPedido, Cantidad, Precio)
            VALUES (71, 97, 36, 4, 10.87);
INSERT INTO DetallePedidos (Id, IdArticulo, IdPedido, Cantidad, Precio)
            VALUES (72, 1, 36, 4, 170.14);
INSERT INTO DetallePedidos (Id, IdArticulo, IdPedido, Cantidad, Precio)
            VALUES (73, 5, 37, 4, 103.93);
INSERT INTO DetallePedidos (Id, IdArticulo, IdPedido, Cantidad, Precio)
            VALUES (74, 7, 37, 4, 83.51);
INSERT INTO DetallePedidos (Id, IdArticulo, IdPedido, Cantidad, Precio)
            VALUES (75, 17, 38, 5, 126.75);
INSERT INTO DetallePedidos (Id, IdArticulo, IdPedido, Cantidad, Precio)
            VALUES (76, 91, 38, 2, 137.24);
INSERT INTO DetallePedidos (Id, IdArticulo, IdPedido, Cantidad, Precio)
            VALUES (77, 80, 39, 5, 53.76);
INSERT INTO DetallePedidos (Id, IdArticulo, IdPedido, Cantidad, Precio)
            VALUES (78, 77, 39, 2, 94.4);
INSERT INTO DetallePedidos (Id, IdArticulo, IdPedido, Cantidad, Precio)
            VALUES (79, 24, 40, 9, 90.43);
INSERT INTO DetallePedidos (Id, IdArticulo, IdPedido, Cantidad, Precio)
            VALUES (80, 18, 40, 10, 22.41);
INSERT INTO DetallePedidos (Id, IdArticulo, IdPedido, Cantidad, Precio)
            VALUES (81, 1, 41, 5, 107.17);
INSERT INTO DetallePedidos (Id, IdArticulo, IdPedido, Cantidad, Precio)
            VALUES (82, 37, 41, 1, 192.92);
INSERT INTO DetallePedidos (Id, IdArticulo, IdPedido, Cantidad, Precio)
            VALUES (83, 32, 42, 1, 74.94);
INSERT INTO DetallePedidos (Id, IdArticulo, IdPedido, Cantidad, Precio)
            VALUES (84, 10, 42, 1, 161.11);
INSERT INTO DetallePedidos (Id, IdArticulo, IdPedido, Cantidad, Precio)
            VALUES (85, 44, 43, 6, 73.21);
INSERT INTO DetallePedidos (Id, IdArticulo, IdPedido, Cantidad, Precio)
            VALUES (86, 21, 43, 10, 67.86);
INSERT INTO DetallePedidos (Id, IdArticulo, IdPedido, Cantidad, Precio)
            VALUES (87, 22, 44, 3, 86.54);
INSERT INTO DetallePedidos (Id, IdArticulo, IdPedido, Cantidad, Precio)
            VALUES (88, 64, 44, 5, 182.37);
INSERT INTO DetallePedidos (Id, IdArticulo, IdPedido, Cantidad, Precio)
            VALUES (89, 63, 45, 9, 78.73);
INSERT INTO DetallePedidos (Id, IdArticulo, IdPedido, Cantidad, Precio)
            VALUES (90, 64, 45, 2, 37.94);
INSERT INTO DetallePedidos (Id, IdArticulo, IdPedido, Cantidad, Precio)
            VALUES (91, 76, 46, 6, 119.44);
INSERT INTO DetallePedidos (Id, IdArticulo, IdPedido, Cantidad, Precio)
            VALUES (92, 18, 46, 7, 154.91);
INSERT INTO DetallePedidos (Id, IdArticulo, IdPedido, Cantidad, Precio)
            VALUES (93, 35, 47, 4, 94.04);
INSERT INTO DetallePedidos (Id, IdArticulo, IdPedido, Cantidad, Precio)
            VALUES (94, 40, 47, 5, 12.85);
INSERT INTO DetallePedidos (Id, IdArticulo, IdPedido, Cantidad, Precio)
            VALUES (95, 87, 48, 8, 97.15);
INSERT INTO DetallePedidos (Id, IdArticulo, IdPedido, Cantidad, Precio)
            VALUES (96, 22, 48, 5, 134.52);
INSERT INTO DetallePedidos (Id, IdArticulo, IdPedido, Cantidad, Precio)
            VALUES (97, 10, 49, 7, 185.52);
INSERT INTO DetallePedidos (Id, IdArticulo, IdPedido, Cantidad, Precio)
            VALUES (98, 82, 49, 7, 140.52);
INSERT INTO DetallePedidos (Id, IdArticulo, IdPedido, Cantidad, Precio)
            VALUES (99, 50, 50, 6, 110.72);
INSERT INTO DetallePedidos (Id, IdArticulo, IdPedido, Cantidad, Precio)
            VALUES (100, 19, 50, 6, 79.36);
INSERT INTO DetallePedidos (Id, IdArticulo, IdPedido, Cantidad, Precio)
            VALUES (101, 58, 51, 1, 98.72);
INSERT INTO DetallePedidos (Id, IdArticulo, IdPedido, Cantidad, Precio)
            VALUES (102, 60, 51, 3, 89.16);
INSERT INTO DetallePedidos (Id, IdArticulo, IdPedido, Cantidad, Precio)
            VALUES (103, 91, 52, 4, 163.38);
INSERT INTO DetallePedidos (Id, IdArticulo, IdPedido, Cantidad, Precio)
            VALUES (104, 27, 52, 8, 77.99);
INSERT INTO DetallePedidos (Id, IdArticulo, IdPedido, Cantidad, Precio)
            VALUES (105, 44, 53, 8, 129.13);
INSERT INTO DetallePedidos (Id, IdArticulo, IdPedido, Cantidad, Precio)
            VALUES (106, 2, 53, 8, 76.85);
INSERT INTO DetallePedidos (Id, IdArticulo, IdPedido, Cantidad, Precio)
            VALUES (107, 25, 54, 5, 169.31);
INSERT INTO DetallePedidos (Id, IdArticulo, IdPedido, Cantidad, Precio)
            VALUES (108, 3, 54, 6, 170.18);
INSERT INTO DetallePedidos (Id, IdArticulo, IdPedido, Cantidad, Precio)
            VALUES (109, 76, 55, 3, 44.83);
INSERT INTO DetallePedidos (Id, IdArticulo, IdPedido, Cantidad, Precio)
            VALUES (110, 17, 55, 8, 142.93);
INSERT INTO DetallePedidos (Id, IdArticulo, IdPedido, Cantidad, Precio)
            VALUES (111, 54, 56, 10, 103.12);
INSERT INTO DetallePedidos (Id, IdArticulo, IdPedido, Cantidad, Precio)
            VALUES (112, 60, 56, 2, 179.21);
INSERT INTO DetallePedidos (Id, IdArticulo, IdPedido, Cantidad, Precio)
            VALUES (113, 13, 57, 2, 31.01);
INSERT INTO DetallePedidos (Id, IdArticulo, IdPedido, Cantidad, Precio)
            VALUES (114, 93, 57, 7, 100.88);
INSERT INTO DetallePedidos (Id, IdArticulo, IdPedido, Cantidad, Precio)
            VALUES (115, 26, 58, 3, 147.46);
INSERT INTO DetallePedidos (Id, IdArticulo, IdPedido, Cantidad, Precio)
            VALUES (116, 96, 58, 5, 97.77);
INSERT INTO DetallePedidos (Id, IdArticulo, IdPedido, Cantidad, Precio)
            VALUES (117, 30, 59, 4, 28.28);
INSERT INTO DetallePedidos (Id, IdArticulo, IdPedido, Cantidad, Precio)
            VALUES (118, 9, 59, 2, 147.73);
INSERT INTO DetallePedidos (Id, IdArticulo, IdPedido, Cantidad, Precio)
            VALUES (119, 45, 60, 1, 139.42);
INSERT INTO DetallePedidos (Id, IdArticulo, IdPedido, Cantidad, Precio)
            VALUES (120, 85, 60, 7, 90.46);
INSERT INTO DetallePedidos (Id, IdArticulo, IdPedido, Cantidad, Precio)
            VALUES (121, 50, 61, 2, 73.54);
INSERT INTO DetallePedidos (Id, IdArticulo, IdPedido, Cantidad, Precio)
            VALUES (122, 45, 61, 7, 70.88);
INSERT INTO DetallePedidos (Id, IdArticulo, IdPedido, Cantidad, Precio)
            VALUES (123, 8, 62, 6, 37.47);
INSERT INTO DetallePedidos (Id, IdArticulo, IdPedido, Cantidad, Precio)
            VALUES (124, 2, 62, 9, 135.02);
INSERT INTO DetallePedidos (Id, IdArticulo, IdPedido, Cantidad, Precio)
            VALUES (125, 61, 63, 8, 91.27);
INSERT INTO DetallePedidos (Id, IdArticulo, IdPedido, Cantidad, Precio)
            VALUES (126, 80, 63, 10, 73.82);
INSERT INTO DetallePedidos (Id, IdArticulo, IdPedido, Cantidad, Precio)
            VALUES (127, 10, 64, 9, 62.36);
INSERT INTO DetallePedidos (Id, IdArticulo, IdPedido, Cantidad, Precio)
            VALUES (128, 45, 64, 6, 74.83);
INSERT INTO DetallePedidos (Id, IdArticulo, IdPedido, Cantidad, Precio)
            VALUES (129, 27, 65, 2, 188.4);
INSERT INTO DetallePedidos (Id, IdArticulo, IdPedido, Cantidad, Precio)
            VALUES (130, 70, 65, 9, 141.3);
INSERT INTO DetallePedidos (Id, IdArticulo, IdPedido, Cantidad, Precio)
            VALUES (131, 20, 66, 7, 84.01);
INSERT INTO DetallePedidos (Id, IdArticulo, IdPedido, Cantidad, Precio)
            VALUES (132, 57, 66, 6, 60.47);
INSERT INTO DetallePedidos (Id, IdArticulo, IdPedido, Cantidad, Precio)
            VALUES (133, 88, 67, 6, 161.32);
INSERT INTO DetallePedidos (Id, IdArticulo, IdPedido, Cantidad, Precio)
            VALUES (134, 23, 67, 2, 165.28);
INSERT INTO DetallePedidos (Id, IdArticulo, IdPedido, Cantidad, Precio)
            VALUES (135, 37, 68, 10, 107.13);
INSERT INTO DetallePedidos (Id, IdArticulo, IdPedido, Cantidad, Precio)
            VALUES (136, 17, 68, 9, 119.04);
INSERT INTO DetallePedidos (Id, IdArticulo, IdPedido, Cantidad, Precio)
            VALUES (137, 51, 69, 8, 59.71);
INSERT INTO DetallePedidos (Id, IdArticulo, IdPedido, Cantidad, Precio)
            VALUES (138, 49, 69, 9, 181.29);
INSERT INTO DetallePedidos (Id, IdArticulo, IdPedido, Cantidad, Precio)
            VALUES (139, 90, 70, 5, 72.76);
INSERT INTO DetallePedidos (Id, IdArticulo, IdPedido, Cantidad, Precio)
            VALUES (140, 99, 70, 1, 22.07);
INSERT INTO DetallePedidos (Id, IdArticulo, IdPedido, Cantidad, Precio)
            VALUES (141, 49, 71, 2, 101.5);
INSERT INTO DetallePedidos (Id, IdArticulo, IdPedido, Cantidad, Precio)
            VALUES (142, 44, 71, 6, 129.67);
INSERT INTO DetallePedidos (Id, IdArticulo, IdPedido, Cantidad, Precio)
            VALUES (143, 99, 72, 7, 163.67);
INSERT INTO DetallePedidos (Id, IdArticulo, IdPedido, Cantidad, Precio)
            VALUES (144, 24, 72, 3, 155.13);
INSERT INTO DetallePedidos (Id, IdArticulo, IdPedido, Cantidad, Precio)
            VALUES (145, 21, 73, 4, 27.11);
INSERT INTO DetallePedidos (Id, IdArticulo, IdPedido, Cantidad, Precio)
            VALUES (146, 51, 73, 8, 180.16);
INSERT INTO DetallePedidos (Id, IdArticulo, IdPedido, Cantidad, Precio)
            VALUES (147, 39, 74, 9, 49.32);
INSERT INTO DetallePedidos (Id, IdArticulo, IdPedido, Cantidad, Precio)
            VALUES (148, 89, 74, 6, 96.58);
INSERT INTO DetallePedidos (Id, IdArticulo, IdPedido, Cantidad, Precio)
            VALUES (149, 25, 75, 10, 166.73);
INSERT INTO DetallePedidos (Id, IdArticulo, IdPedido, Cantidad, Precio)
            VALUES (150, 98, 75, 5, 76.71);
INSERT INTO DetallePedidos (Id, IdArticulo, IdPedido, Cantidad, Precio)
            VALUES (151, 36, 76, 2, 142.74);
INSERT INTO DetallePedidos (Id, IdArticulo, IdPedido, Cantidad, Precio)
            VALUES (152, 20, 76, 8, 147.17);
INSERT INTO DetallePedidos (Id, IdArticulo, IdPedido, Cantidad, Precio)
            VALUES (153, 99, 77, 8, 117.04);
INSERT INTO DetallePedidos (Id, IdArticulo, IdPedido, Cantidad, Precio)
            VALUES (154, 75, 77, 9, 148.9);
INSERT INTO DetallePedidos (Id, IdArticulo, IdPedido, Cantidad, Precio)
            VALUES (155, 51, 78, 2, 116.03);
INSERT INTO DetallePedidos (Id, IdArticulo, IdPedido, Cantidad, Precio)
            VALUES (156, 22, 78, 2, 85.91);
INSERT INTO DetallePedidos (Id, IdArticulo, IdPedido, Cantidad, Precio)
            VALUES (157, 44, 79, 6, 45.62);
INSERT INTO DetallePedidos (Id, IdArticulo, IdPedido, Cantidad, Precio)
            VALUES (158, 72, 79, 1, 27.14);
INSERT INTO DetallePedidos (Id, IdArticulo, IdPedido, Cantidad, Precio)
            VALUES (159, 92, 80, 9, 56.17);
INSERT INTO DetallePedidos (Id, IdArticulo, IdPedido, Cantidad, Precio)
            VALUES (160, 76, 80, 10, 11.28);
INSERT INTO DetallePedidos (Id, IdArticulo, IdPedido, Cantidad, Precio)
            VALUES (161, 75, 81, 1, 144.6);
INSERT INTO DetallePedidos (Id, IdArticulo, IdPedido, Cantidad, Precio)
            VALUES (162, 22, 81, 1, 121.53);
INSERT INTO DetallePedidos (Id, IdArticulo, IdPedido, Cantidad, Precio)
            VALUES (163, 74, 82, 8, 182.52);
INSERT INTO DetallePedidos (Id, IdArticulo, IdPedido, Cantidad, Precio)
            VALUES (164, 37, 82, 8, 17.82);
INSERT INTO DetallePedidos (Id, IdArticulo, IdPedido, Cantidad, Precio)
            VALUES (165, 60, 83, 2, 123.2);
INSERT INTO DetallePedidos (Id, IdArticulo, IdPedido, Cantidad, Precio)
            VALUES (166, 3, 83, 4, 188.29);
INSERT INTO DetallePedidos (Id, IdArticulo, IdPedido, Cantidad, Precio)
            VALUES (167, 13, 84, 7, 139.44);
INSERT INTO DetallePedidos (Id, IdArticulo, IdPedido, Cantidad, Precio)
            VALUES (168, 26, 84, 5, 67.48);
INSERT INTO DetallePedidos (Id, IdArticulo, IdPedido, Cantidad, Precio)
            VALUES (169, 20, 85, 5, 120.83);
INSERT INTO DetallePedidos (Id, IdArticulo, IdPedido, Cantidad, Precio)
            VALUES (170, 33, 85, 6, 22.78);
INSERT INTO DetallePedidos (Id, IdArticulo, IdPedido, Cantidad, Precio)
            VALUES (171, 45, 86, 1, 32.43);
INSERT INTO DetallePedidos (Id, IdArticulo, IdPedido, Cantidad, Precio)
            VALUES (172, 13, 86, 9, 19.26);
INSERT INTO DetallePedidos (Id, IdArticulo, IdPedido, Cantidad, Precio)
            VALUES (173, 46, 87, 9, 65.54);
INSERT INTO DetallePedidos (Id, IdArticulo, IdPedido, Cantidad, Precio)
            VALUES (174, 9, 87, 4, 99.61);
INSERT INTO DetallePedidos (Id, IdArticulo, IdPedido, Cantidad, Precio)
            VALUES (175, 25, 88, 9, 147.09);
INSERT INTO DetallePedidos (Id, IdArticulo, IdPedido, Cantidad, Precio)
            VALUES (176, 8, 88, 6, 29.65);
INSERT INTO DetallePedidos (Id, IdArticulo, IdPedido, Cantidad, Precio)
            VALUES (177, 16, 89, 6, 124.26);
INSERT INTO DetallePedidos (Id, IdArticulo, IdPedido, Cantidad, Precio)
            VALUES (178, 47, 89, 8, 149.51);
INSERT INTO DetallePedidos (Id, IdArticulo, IdPedido, Cantidad, Precio)
            VALUES (179, 62, 90, 8, 107.68);
INSERT INTO DetallePedidos (Id, IdArticulo, IdPedido, Cantidad, Precio)
            VALUES (180, 33, 90, 4, 41.57);
INSERT INTO DetallePedidos (Id, IdArticulo, IdPedido, Cantidad, Precio)
            VALUES (181, 84, 91, 6, 122.44);
INSERT INTO DetallePedidos (Id, IdArticulo, IdPedido, Cantidad, Precio)
            VALUES (182, 100, 91, 8, 162.38);
INSERT INTO DetallePedidos (Id, IdArticulo, IdPedido, Cantidad, Precio)
            VALUES (183, 71, 92, 2, 147.05);
INSERT INTO DetallePedidos (Id, IdArticulo, IdPedido, Cantidad, Precio)
            VALUES (184, 5, 92, 2, 160.21);
INSERT INTO DetallePedidos (Id, IdArticulo, IdPedido, Cantidad, Precio)
            VALUES (185, 96, 93, 6, 76.46);
INSERT INTO DetallePedidos (Id, IdArticulo, IdPedido, Cantidad, Precio)
            VALUES (186, 85, 93, 10, 165.44);
INSERT INTO DetallePedidos (Id, IdArticulo, IdPedido, Cantidad, Precio)
            VALUES (187, 10, 94, 4, 195.72);
INSERT INTO DetallePedidos (Id, IdArticulo, IdPedido, Cantidad, Precio)
            VALUES (188, 1, 94, 1, 105.94);
INSERT INTO DetallePedidos (Id, IdArticulo, IdPedido, Cantidad, Precio)
            VALUES (189, 97, 95, 8, 88.8);
INSERT INTO DetallePedidos (Id, IdArticulo, IdPedido, Cantidad, Precio)
            VALUES (190, 58, 95, 10, 55.09);
INSERT INTO DetallePedidos (Id, IdArticulo, IdPedido, Cantidad, Precio)
            VALUES (191, 62, 96, 7, 99.62);
INSERT INTO DetallePedidos (Id, IdArticulo, IdPedido, Cantidad, Precio)
            VALUES (192, 75, 96, 2, 84.89);
INSERT INTO DetallePedidos (Id, IdArticulo, IdPedido, Cantidad, Precio)
            VALUES (193, 97, 97, 10, 135.13);
INSERT INTO DetallePedidos (Id, IdArticulo, IdPedido, Cantidad, Precio)
            VALUES (194, 90, 97, 6, 55.99);
INSERT INTO DetallePedidos (Id, IdArticulo, IdPedido, Cantidad, Precio)
            VALUES (195, 48, 98, 3, 13.25);
INSERT INTO DetallePedidos (Id, IdArticulo, IdPedido, Cantidad, Precio)
            VALUES (196, 73, 98, 9, 100.24);
INSERT INTO DetallePedidos (Id, IdArticulo, IdPedido, Cantidad, Precio)
            VALUES (197, 54, 99, 9, 12.92);
INSERT INTO DetallePedidos (Id, IdArticulo, IdPedido, Cantidad, Precio)
            VALUES (198, 42, 99, 2, 49.12);
INSERT INTO DetallePedidos (Id, IdArticulo, IdPedido, Cantidad, Precio)
            VALUES (199, 75, 100, 6, 45.35);
INSERT INTO DetallePedidos (Id, IdArticulo, IdPedido, Cantidad, Precio)
            VALUES (200, 64, 100, 2, 122.61);
